{
  "warns": {
    "5864005490317906": {},
    "6140543462674331": {},
    "5866483700056851": {
      "100066655332150": [
        "Group kharab ker rha Tha"
      ]
    },
    "9816933981665984": {
      "100091741718674": [
        "No reason was given"
      ],
      "100012191281263": [
        "No reason was given",
        "No reason was given"
      ]
    },
    "8966683840072547": {
      "100072727941471": [
        "@CH4ND____ ;* :/ 3:) __⓶⓿⓶⓶__ :* 3:) ⓫__⓫__/ \\⓫__ ;* 3:) ⓫⓻⓫⓻⓫⓻⓫__ :* 3:) ⓫⓻________⓫___ ;* 3:) ⓫⓻________⓫___ :* 3:) ⓫⓻⓫⓻⓫⓻⓫__ ;* 3:) ⓫⓻_____(())_____ :* 3:) ⓫⓻_____(())_____ ;* 3:) ⓫ Ch4nd____ ;* :/ 3:) __⓶⓿⓶⓶__ :* 3:) ⓫__⓫__/ \\⓫__ ;* 3:) ⓫⓻⓫⓻⓫⓻⓫__ :* 3:) ⓫⓻________⓫___ ;* 3:) ⓫⓻________⓫___ :* 3:) ⓫⓻⓫⓻⓫⓻⓫__ ;* 3:) ⓫⓻_____(())_____ :* 3:) ⓫⓻_____(())_____ ;* 3:) ⓫⓻_____(())_____ :* 3:)"
      ],
      "100000340133606": [
        "No reason was given"
      ]
    }
  },
  "banned": {
    "5864005490317906": [],
    "5866483700056851": [
      100066655332150
    ],
    "9816933981665984": [
      100091741718674,
      100012191281263,
      100012191281263
    ],
    "8966683840072547": [
      100072727941471,
      100000340133606
    ]
  }
}