{
    "7464919880250005": {
        "data": false
    },
    "5283396995036450": {
        "data": false
    },
    "5468249026524567": {
        "data": false
    },
    "5486037088085166": {
        "data": false
    },
    "5192893287474978": {
        "data": false
    },
    "5500985063292946": {
        "data": false
    },
    "100008079706730": {
        "data": false
    },
    "7267042836702479": {
        "data": false
    },
    "100077682247617": {
        "data": false
    },
    "7316872308385075": {
        "data": false
    },
    "5559758070746987": {
        "data": false
    },
    "4895806670524469": {
        "data": false
    },
    "5847952985224458": {
        "data": false
    },
    "7202530706486556": {
        "data": false
    },
    "5392378984152861": {
        "data": false
    },
    "5286404948078224": {
        "data": false
    },
    "7466645643406099": {
        "data": false
    },
    "3315474545199634": {
        "data": false
    },
    "5194112500649885": {
        "data": false
    },
    "100085010019050": {
        "data": false
    },
    "7691900040882144": {
        "data": false
    },
    "5945238835503632": {
        "data": false
    },
    "5206930792767741": {
        "data": false
    },
    "5265042196933021": {
        "data": false
    },
    "5942988699062623": {
        "data": false
    },
    "6068876139789828": {
        "data": false
    },
    "5110941565695910": {
        "data": false
    },
    "5660133740747529": {
        "data": false
    },
    "5772652159413217": {
        "data": false
    },
    "100047650352911": {
        "data": false
    },
    "7589207977756812": {
        "data": false
    },
    "5646088492069492": {
        "data": false
    },
    "100079494966951": {
        "data": false
    },
    "5677994345554842": {
        "data": false
    },
    "5396058663817124": {
        "data": false
    },
    "5418707074879282": {
        "data": false
    },
    "5069064136532444": {
        "data": false
    },
    "100076001623455": {
        "data": false
    },
    "100080201409742": {
        "data": false
    },
    "5395667663851748": {
        "data": false
    },
    "100082235270155": {
        "data": false
    },
    "8025670604172662": {
        "data": false
    },
    "5981756918522437": {
        "data": false
    },
    "5691532174262445": {
        "data": false
    },
    "5600711879956021": {
        "data": false
    },
    "100079480284358": {
        "data": false
    },
    "6131722900187987": {
        "data": false
    },
    "5003022776466298": {
        "data": false
    },
    "5592834914139266": {
        "data": false
    },
    "5490395697741322": {
        "data": false
    },
    "4042101092490819": {
        "data": false
    },
    "5417437664991327": {
        "data": false
    },
    "100003054634305": {
        "data": false
    },
    "100047433602011": {
        "data": false
    },
    "5807593245967427": {
        "data": false
    },
    "5263381947026986": {
        "data": false
    },
    "100067102148107": {
        "data": false
    },
    "5020002171438966": {
        "data": false
    },
    "100028961231205": {
        "data": false
    },
    "100082828830673": {
        "data": false
    },
    "100076436918401": {
        "data": false
    },
    "5564007553676281": {
        "data": false
    },
    "5742985499046452": {
        "data": false
    },
    "4397134013724094": {
        "data": false
    },
    "100007746941576": {
        "data": false
    },
    "5722476584451862": {
        "data": false
    },
    "6766331360058801": {
        "data": false
    },
    "6143925742301954": {
        "data": false
    },
    "5833548279989163": {
        "data": false
    },
    "100085901631449": {
        "data": false
    },
    "100049570642421": {
        "data": false
    },
    "5792161060817030": {
        "data": false
    },
    "5187242344699732": {
        "data": false
    },
    "100075168282601": {
        "data": false
    },
    "4649044778518083": {
        "data": false
    },
    "4869886399758550": {
        "data": false
    },
    "5452051028242007": {
        "data": false
    },
    "100062931819209": {
        "data": false
    },
    "5607948169299586": {
        "data": false
    },
    "100081875980284": {
        "data": false
    },
    "5973489856017678": {
        "data": false
    },
    "5354151437994997": {
        "data": false
    },
    "5209975659132170": {
        "data": false
    },
    "6166317046716352": {
        "data": false
    },
    "5456120474431551": {
        "data": false
    },
    "8122009057872816": {
        "data": false
    },
    "5519325031468871": {
        "data": false
    },
    "8018712214866313": {
        "data": false
    },
    "5439657226071095": {
        "data": false
    },
    "5502131426569783": {
        "data": false
    },
    "5617971571605491": {
        "data": false
    },
    "5814081678654858": {
        "data": false
    },
    "6562926860388210": {
        "data": false
    },
    "5866483700056851": {
        "data": false
    },
    "100072727941471": {
        "data": false
    },
    "5570555409668695": {
        "data": false
    },
    "5583741055042593": {
        "data": false
    },
    "6448419651837905": {
        "data": false
    },
    "6533919719954710": {
        "data": false
    },
    "5965406030202913": {
        "data": false
    },
    "5916011311853017": {
        "data": false
    },
    "6220460858013155": {
        "data": false
    },
    "6259042707492725": {
        "data": false
    },
    "5864005490317906": {
        "data": false
    },
    "8250326448376045": {
        "data": false
    },
    "6016254605065192": {
        "data": false
    },
    "5361309577302138": {
        "data": false
    },
    "4566851566734702": {
        "data": false
    },
    "5076084585784137": {
        "data": false
    },
    "6039171416147811": {
        "data": false
    },
    "100089135883472": {
        "data": false
    },
    "100013695277157": {
        "data": false
    },
    "6076173869137083": {
        "data": false
    },
    "100080368318001": {
        "data": false
    },
    "4660962510618670": {
        "data": false
    },
    "6001022386623449": {
        "data": false
    },
    "5402486369854775": {
        "data": false
    },
    "8243326749075727": {
        "data": false
    },
    "5742910135823071": {
        "data": false
    },
    "8488636551207845": {
        "data": false
    },
    "6140543462674331": {
        "data": false
    },
    "6086318668092297": {
        "data": false
    },
    "6324898287561670": {
        "data": false
    },
    "100089135948294": {
        "data": false
    },
    "5880953781958714": {
        "data": false
    },
    "5593654357413821": {
        "data": false
    },
    "5946593458782226": {
        "data": false
    },
    "6573851459309788": {
        "data": false
    },
    "6291590170892917": {
        "data": false
    },
    "4372789539491052": {
        "data": false
    },
    "5558887710869806": {
        "data": false
    },
    "5760140220780532": {
        "data": false
    },
    "6118055418241004": {
        "data": false
    },
    "5740985862650283": {
        "data": false
    },
    "5676704435749686": {
        "data": false
    },
    "6519621494748180": {
        "data": false
    },
    "6366239976743612": {
        "data": false
    },
    "6026468094133178": {
        "data": false
    },
    "5935225593211811": {
        "data": false
    },
    "100088479414960": {
        "data": false
    },
    "100064460582774": {
        "data": false
    },
    "100049745281941": {
        "data": false
    },
    "9100447299981181": {
        "data": false
    },
    "100078541208064": {
        "data": false
    },
    "100041746838654": {
        "data": false
    },
    "5562383997199717": {
        "data": false
    },
    "7870382813002619": {
        "data": false
    },
    "5911719972225789": {
        "data": false
    },
    "6096886353712034": {
        "data": false
    },
    "2661704763842605": {
        "data": false
    },
    "3962491060522877": {
        "data": false
    },
    "4228310287293015": {
        "data": false
    },
    "6294907797252259": {
        "data": false
    },
    "6074290382582771": {
        "data": false
    },
    "8933152260091103": {
        "data": false
    },
    "6130867630329042": {
        "data": false
    },
    "8887900817951215": {
        "data": false
    },
    "100012191281263": {
        "data": false
    },
    "8810319775675082": {
        "data": false
    },
    "5631342180254034": {
        "data": false
    },
    "5124419227662976": {
        "data": false
    },
    "6187367524712644": {
        "data": false
    },
    "6008370562616991": {
        "data": false
    },
    "6052761408113082": {
        "data": false
    },
    "4624487017675304": {
        "data": false
    },
    "9816933981665984": {
        "data": false
    },
    "100041979824052": {
        "data": false
    },
    "6673335559345291": {
        "data": false
    },
    "5212803585398903": {
        "data": false
    },
    "8174520195951901": {
        "data": false
    },
    "6699306333457882": {
        "data": false
    },
    "100043327072696": {
        "data": false
    },
    "100048069271100": {
        "data": false
    },
    "5486385634720426": {
        "data": false
    },
    "7446620272074744": {
        "data": false
    },
    "6318326331586398": {
        "data": false
    },
    "6579086195448396": {
        "data": false
    },
    "100011080540172": {
        "data": false
    },
    "100046209458828": {
        "data": false
    },
    "5802622606453806": {
        "data": false
    },
    "100083727994682": {
        "data": false
    },
    "100042763568771": {
        "data": false
    },
    "100006307124417": {
        "data": false
    },
    "9182541665120417": {
        "data": false
    },
    "5969811056437540": {
        "data": false
    },
    "6129329743800731": {
        "data": false
    },
    "6083207361726992": {
        "data": false
    },
    "100088188152235": {
        "data": false
    },
    "100031432173060": {
        "data": false
    },
    "8966683840072547": {
        "data": false
    },
    "6272572402800584": {
        "data": false
    },
    "6403714389689925": {
        "data": false
    },
    "100088729275370": {
        "data": false
    },
    "6084673641647611": {
        "data": false
    },
    "5963810807045924": {
        "data": false
    },
    "100084149373287": {
        "data": false
    },
    "100076594570017": {
        "data": false
    },
    "6414330221964681": {
        "data": false
    },
    "9375432785863421": {
        "data": false
    },
    "5861409890549018": {
        "data": false
    },
    "4676466982477252": {
        "data": false
    },
    "5948458261930270": {
        "data": false
    },
    "6944436538908645": {
        "data": false
    },
    "5707465646025501": {
        "data": false
    },
    "100025510386422": {
        "data": false
    },
    "6213129615472100": {
        "data": false
    },
    "100041894791593": {
        "data": false
    },
    "8641308892606968": {
        "data": false
    }
}